TEAM_ID,TEAM_NAME,GP,W,L,W_PCT,MIN,E_OFF_RATING,OFF_RATING,E_DEF_RATING,DEF_RATING,E_NET_RATING,NET_RATING,AST_PCT,AST_TO,AST_RATIO,OREB_PCT,DREB_PCT,REB_PCT,TM_TOV_PCT,EFG_PCT,TS_PCT,E_PACE,PACE,PACE_PER40,POSS,PIE,GP_RANK,W_RANK,L_RANK,W_PCT_RANK,MIN_RANK,OFF_RATING_RANK,DEF_RATING_RANK,NET_RATING_RANK,AST_PCT_RANK,AST_TO_RANK,AST_RATIO_RANK,OREB_PCT_RANK,DREB_PCT_RANK,REB_PCT_RANK,TM_TOV_PCT_RANK,EFG_PCT_RANK,TS_PCT_RANK,PACE_RANK,PIE_RANK
1610612737,Atlanta Hawks,66,40,26,0.606,3233.0,102.4,104.2,98.6,100.4,3.8,3.8,0.61,1.61,17.6,0.279,0.703,0.493,0.151,0.5,0.535,92.5,90.88,75.73,6117,0.526,1,8,8,8,1,13,6,6,6,5,6,26,9,22,10,8,8,23,8
1610612738,Boston Celtics,66,39,27,0.591,3188.0,98.9,100.1,95.5,97.5,3.4,2.6,0.665,1.59,18.8,0.245,0.686,0.478,0.162,0.496,0.535,92.6,91.11,75.92,6055,0.535,1,10,10,10,16,24,2,11,1,8,1,30,23,28,19,10,7,22,5
1610612766,Charlotte Bobcats,66,7,59,0.106,3178.0,92.3,94.4,107.8,109.4,-15.5,-15.0,0.605,1.39,16.0,0.285,0.678,0.474,0.157,0.439,0.483,93.6,91.86,76.55,6080,0.411,1,30,30,30,26,30,30,30,8,16,19,24,25,29,16,30,30,17,30
1610612741,Chicago Bulls,66,50,16,0.758,3188.0,104.5,106.3,95.3,97.5,9.3,8.8,0.619,1.65,17.7,0.361,0.703,0.536,0.154,0.49,0.523,91.8,89.98,74.98,5982,0.561,1,1,1,1,16,5,1,1,3,4,4,1,8,1,14,14,19,28,1
1610612739,Cleveland Cavaliers,66,21,45,0.318,3193.0,98.1,100.0,106.0,107.6,-7.9,-7.6,0.579,1.29,15.4,0.323,0.683,0.496,0.166,0.463,0.505,94.0,92.34,76.95,6140,0.439,1,27,27,27,10,25,27,29,16,26,23,7,24,18,25,29,29,14,29
1610612742,Dallas Mavericks,66,36,30,0.545,3213.0,101.0,102.1,99.7,100.9,1.3,1.1,0.575,1.49,16.5,0.268,0.714,0.493,0.149,0.489,0.527,93.6,92.61,77.17,6195,0.51,1,13,13,13,3,22,8,14,17,12,15,28,4,23,6,15,15,12,14
1610612743,Denver Nuggets,66,38,28,0.576,3208.0,106.5,108.3,103.4,105.1,3.1,3.2,0.615,1.56,17.9,0.316,0.705,0.515,0.16,0.516,0.556,96.7,95.03,79.19,6346,0.527,1,11,11,11,6,3,22,9,4,10,2,10,7,4,18,2,3,2,7
1610612765,Detroit Pistons,66,25,41,0.379,3193.0,97.8,100.0,104.0,105.0,-6.2,-5.0,0.538,1.19,15.1,0.322,0.689,0.5,0.172,0.468,0.51,91.7,90.31,75.26,6000,0.448,1,22,22,22,10,27,21,26,25,29,27,8,18,16,29,28,26,25,28
1610612744,Golden State Warriors,66,23,43,0.348,3183.0,103.1,103.9,106.0,107.3,-3.0,-3.4,0.591,1.61,17.4,0.256,0.658,0.46,0.147,0.505,0.539,94.7,93.78,78.15,6212,0.472,1,23,23,23,23,16,26,22,11,6,8,29,30,30,4,5,5,7,24
1610612745,Houston Rockets,66,34,32,0.515,3213.0,102.7,104.2,102.1,104.0,0.6,0.2,0.564,1.47,16.4,0.309,0.692,0.499,0.154,0.492,0.529,94.3,92.82,77.35,6215,0.497,1,17,17,17,3,14,16,18,20,14,16,15,15,17,13,11,14,11,18
1610612754,Indiana Pacers,66,42,24,0.636,3198.0,103.5,105.5,100.4,102.1,3.1,3.3,0.522,1.33,14.7,0.333,0.689,0.511,0.151,0.474,0.526,93.4,91.68,76.4,6115,0.521,1,5,5,5,8,8,10,7,28,22,28,4,19,5,11,23,16,20,10
1610612746,Los Angeles Clippers,66,40,26,0.606,3193.0,105.2,107.5,102.9,104.8,2.2,2.7,0.568,1.58,16.6,0.331,0.692,0.507,0.147,0.502,0.533,91.8,89.98,74.98,5989,0.517,1,8,8,8,10,4,18,10,19,9,13,5,16,9,3,7,12,27,12
1610612747,Los Angeles Lakers,66,41,25,0.621,3213.0,103.3,104.5,101.7,103.2,1.7,1.3,0.611,1.49,17.3,0.327,0.719,0.532,0.162,0.491,0.534,92.9,91.72,76.43,6145,0.524,1,6,6,6,3,10,12,13,5,13,10,6,3,2,20,13,9,19,9
1610612763,Memphis Grizzlies,66,41,25,0.621,3188.0,101.0,102.8,98.9,100.6,2.1,2.2,0.532,1.35,15.4,0.335,0.688,0.508,0.157,0.473,0.515,93.4,91.82,76.52,6099,0.514,1,6,6,6,16,20,7,12,26,18,24,3,20,8,15,25,24,18,13
1610612748,Miami Heat,66,46,20,0.697,3208.0,104.3,105.6,97.1,99.2,7.2,6.4,0.538,1.31,15.9,0.299,0.693,0.504,0.163,0.505,0.549,93.7,92.07,76.73,6154,0.553,1,4,4,4,6,6,4,3,24,24,20,21,13,12,21,6,4,16,2
1610612749,Milwaukee Bucks,66,31,35,0.47,3173.0,102.4,104.5,102.4,104.1,0.0,0.4,0.62,1.67,17.6,0.314,0.675,0.49,0.148,0.481,0.521,96.4,94.68,78.9,6256,0.503,1,19,19,19,28,11,17,17,2,3,5,12,28,24,5,17,20,3,16
1610612750,Minnesota Timberwolves,66,26,40,0.394,3188.0,101.5,103.1,103.6,105.3,-2.2,-2.2,0.548,1.29,15.1,0.311,0.693,0.502,0.16,0.477,0.524,96.0,94.44,78.7,6268,0.483,1,21,21,21,16,18,24,21,23,25,25,13,14,15,17,20,18,4,21
1610612751,New Jersey Nets,66,22,44,0.333,3178.0,99.7,101.8,106.9,108.1,-7.2,-6.3,0.58,1.32,15.8,0.314,0.677,0.489,0.165,0.473,0.516,92.7,91.26,76.05,6036,0.448,1,25,25,25,26,23,28,28,15,23,21,11,27,26,24,24,23,21,27
1610612740,New Orleans Hornets,66,21,45,0.318,3188.0,98.3,99.9,102.3,103.9,-4.0,-4.0,0.595,1.34,16.8,0.31,0.696,0.506,0.173,0.476,0.517,90.7,89.27,74.39,5924,0.482,1,27,27,27,16,28,15,24,10,20,12,14,12,11,30,21,22,30,22
1610612752,New York Knicks,66,36,30,0.545,3188.0,101.4,103.5,98.4,100.2,3.0,3.2,0.562,1.26,15.6,0.309,0.702,0.503,0.169,0.492,0.533,95.7,93.91,78.26,6242,0.52,1,13,13,13,16,17,5,8,22,27,22,16,11,13,27,12,11,6,11
1610612760,Oklahoma City Thunder,66,47,19,0.712,3198.0,107.1,108.4,100.0,102.1,7.2,6.3,0.497,1.13,14.6,0.304,0.687,0.509,0.172,0.516,0.567,95.7,94.11,78.42,6273,0.542,1,3,3,3,8,2,9,4,30,30,30,19,21,7,28,3,1,5,4
1610612753,Orlando Magic,66,37,29,0.561,3193.0,102.4,104.0,101.7,103.4,0.7,0.6,0.581,1.34,16.1,0.306,0.72,0.51,0.165,0.506,0.533,91.2,89.75,74.79,5978,0.493,1,12,12,12,10,15,13,15,14,19,17,18,1,6,23,4,10,29,20
1610612755,Philadelphia 76ers,66,35,31,0.53,3183.0,101.7,102.7,96.6,98.2,5.1,4.6,0.588,1.97,17.5,0.277,0.712,0.495,0.123,0.48,0.511,91.9,90.68,75.56,6016,0.532,1,16,16,16,23,21,3,5,12,1,7,27,5,19,1,19,25,24,6
1610612756,Phoenix Suns,66,33,33,0.5,3168.0,103.5,105.2,103.8,105.2,-0.2,-0.1,0.596,1.6,17.4,0.294,0.687,0.493,0.15,0.499,0.536,95.0,93.61,78.01,6173,0.502,1,18,18,18,30,9,23,19,9,7,9,22,22,21,9,9,6,9,17
1610612757,Portland Trail Blazers,66,28,38,0.424,3193.0,102.8,104.4,103.7,105.3,-0.9,-0.9,0.562,1.44,16.1,0.303,0.691,0.493,0.152,0.488,0.531,93.7,92.24,76.87,6143,0.494,1,20,20,20,10,12,25,20,21,15,18,20,17,20,12,16,13,15,19
1610612758,Sacramento Kings,66,22,44,0.333,3183.0,101.0,102.9,106.8,108.7,-5.8,-5.8,0.51,1.34,14.7,0.321,0.67,0.487,0.15,0.472,0.51,97.3,95.56,79.64,6333,0.451,1,25,25,25,23,19,29,27,29,21,29,9,29,27,8,27,27,1,26
1610612759,San Antonio Spurs,66,50,16,0.758,3188.0,108.5,110.0,100.6,102.3,7.9,7.7,0.585,1.71,17.8,0.282,0.72,0.507,0.144,0.528,0.562,95.1,93.67,78.06,6220,0.546,1,1,1,1,16,1,11,2,13,2,3,25,2,10,2,1,2,8,3
1610612761,Toronto Raptors,66,23,43,0.348,3193.0,98.5,99.6,101.5,103.6,-3.0,-3.9,0.609,1.38,16.8,0.294,0.708,0.503,0.167,0.475,0.518,91.6,90.19,75.16,6008,0.478,1,23,23,23,10,29,14,23,7,17,11,23,6,14,26,22,21,26,23
1610612762,Utah Jazz,66,36,30,0.545,3233.0,103.7,105.5,103.6,104.9,0.2,0.5,0.57,1.54,16.6,0.34,0.703,0.519,0.15,0.481,0.525,93.9,92.53,77.1,6236,0.509,1,13,13,13,1,7,20,16,18,11,14,2,10,3,7,18,17,13,15
1610612764,Washington Wizards,66,20,46,0.303,3173.0,97.8,100.0,103.8,104.9,-6.0,-5.0,0.523,1.25,15.1,0.308,0.678,0.489,0.163,0.472,0.508,95.1,93.59,77.99,6182,0.46,1,29,29,29,28,26,19,25,27,28,26,17,26,25,22,26,28,10,25
